{
	"schemaVersion": "10.7.0",
	"controls": [{
		"controlCategory": "Custom",
		"controlDescription": "Child Attachment Selector",
		"directiveName": "child-attachment-selector",
		"displayName": "Child Attachment Selector",
		"name": "childAttachmentSelector",
		"propertiesTitle": "Child Attachment Selector",
		"directive": "//# sourceURL=childAttachmentSelector.js\n\n(function () {\n      angular.module(\"sngPageBuilderCustom\")\n\t  .spbComponent(\"childAttachmentSelector\", {\n\t\t transclude: true,\n         bindings: {\n            childNode: \"=\",\n            pageModel: \"=\"\n         },\n\t\t template:\n\t\t         '<div class=\\\"spb-control-padding spb-page-control\\\">' +\n\t\t         '<label>' +\n\t\t\t\t '<span class=\\\"spb-form-label\\\">{{$ctrl.childNode.typeAttributes.textTitle}}</span>' +\n\t\t         '<div class=\\\"spb-control-padding spb-page-control\\\">' +\n                 '    <select style=\\\"width:100%;\\\" ng-model=\\\"itemSelection\\\"' +\n                 '            ng-options=\\\"item.name for item in ctrl.itemList track by item.id\\\"' +\n\t\t         '            ng-change=\\\"checkSelection(itemSelection)\\\">' +\t\t\t \n                 '    </select>' +\n                 '</div>' +\n\t\t\t\t '</label>' +\n                 '</div>',\n         controller: childAttachmentSelectorCtrl\n      });\n\n\tchildAttachmentSelectorCtrl.$inject = [\"spbCustomControlUtilsService\",\"$element\",\"$transclude\",\"$scope\", \"$rootScope\",\"$http\",\"spbUrlStringBuilder\",\"pageViewerConfig\"];\n\n    function childAttachmentSelectorCtrl(spbCustomControlUtilsService, $element, $transclude, $scope, $rootScope, $http, spbUrlStringBuilder, pageViewerConfig) {\n        var ctrl = this;\n\t    console.log(\"...childAttachmentSelector Initiated\");\n\t    $scope.ctrl = ctrl;\n\t    this.$http = $http;\n\t    this.spbUrlStringBuilder = spbUrlStringBuilder;\n\t    this.pageViewerConfig = pageViewerConfig; \n\n\t    ctrl.$onInit = function() {\n\t\t    ctrl.entity_type = ctrl.pageModel.parent.type;\n\t\t    ctrl.entity_id = ctrl.pageModel.parent.data[ctrl.childNode.typeAttributes.entityID];\n\n\t\t\t$scope.checkSelection = function() {\n\t\t\t\tctrl.attachmentID = ctrl.childNode.typeAttributes.attachmentID;\n\t\t\t\tctrl.attachmentName = ctrl.childNode.typeAttributes.attachmentName;\n\n\t\t\t\tif(ctrl.attachmentID){\n\t\t\t\t\tctrl.pageModel.data[ctrl.childNode.typeAttributes.attachmentID] = $scope.itemSelection.id;\n\t\t\t\t\tctrl.pageModel.data[ctrl.childNode.typeAttributes.attachmentName] = $scope.itemSelection.name;\n\t\t\t\t}\n\t\t\t}\n\t\t\tif (ctrl.pageModel.data[ctrl.childNode.typeAttributes.attachmentID]) {\n\t\t\t    $scope.itemSelection = {id: ctrl.pageModel.data[ctrl.childNode.typeAttributes.attachmentID], name: ctrl.pageModel.data[ctrl.childNode.typeAttributes.attachmentName]};\n\t\t\t}\n\t\t    if (ctrl.entity_id) {\n\t\t\t\tctrl.url = \"\";\n\t\t\t    ctrl.url = \"/svi-datahub/documents/\" + ctrl.entity_type + \"/\" + ctrl.entity_id + \"/attachments/?start=0&limit=1000\";\n\t\t\t    $http.get(ctrl.url)\n\t\t\t        .then(function successCallback(response) {\n\t\t\t\t        jsonString = JSON.stringify(response.data);\n\t\t\t\t\tjsonParse = JSON.parse(jsonString);\n\t\t\t\t\tctrl.itemList = jsonParse.items;\n\t\t\t\t    });\n\t\t\t};\t\t\n\t    };\n\t};\n})();",
		"directiveTemplate": "",
		"controlAttributes": {
			"attributes": {
				"entityID": {
					"type": "DataSource",
					"required": "true",
					"order": 0,
					"displayName": {
						"defaultText": "Entity ID"
					}
				},
				"attachmentID": {
					"type": "DataSource",
					"required": "true",
					"displayName": {
						"defaultText": "Field for Attachment ID"
					}
				},
				"attachmentName": {
					"type": "DataSource",
					"required": "true",
					"displayName": {
						"defaultText": "Field for Attachment Name"
					}
				},
				"textTitle": {
					"type": "TextInput",
					"defaultValue": "Title Text",
					"order": 1,
					"displayName": {
						"defaultText": "Title Text",
						"description": "Child Selector Title"
					}
				}
			}
		},
		"customControl": true
	}],
	"handlerName": "datahub"
}